name,type,x_mm,y_mm,x_from_pin1,y_from_pin1,hole,pad (recommended)
1,PTH,35.3800,1.2250,0.0000,0.0000,dia 0.65,"1.0 x 1.6 oval (rect, pin 1)"
2,PTH,36.6500,1.2250,1.2700,0.0000,dia 0.65,1.0 x 1.6 oval
3,PTH,37.9200,1.2250,2.5400,0.0000,dia 0.65,1.0 x 1.6 oval
4,PTH,39.1900,1.2250,3.8100,0.0000,dia 0.65,1.0 x 1.6 oval
5,PTH,40.4600,1.2250,5.0800,0.0000,dia 0.65,1.0 x 1.6 oval
6,PTH,41.7300,1.2250,6.3500,0.0000,dia 0.65,1.0 x 1.6 oval
7,PTH,43.0000,1.2250,7.6200,0.0000,dia 0.65,1.0 x 1.6 oval
8,PTH,44.2700,1.2250,8.8900,0.0000,dia 0.65,1.0 x 1.6 oval
9,PTH,45.5400,1.2250,10.1600,0.0000,dia 0.65,1.0 x 1.6 oval
10,PTH,46.8100,1.2250,11.4300,0.0000,dia 0.65,1.0 x 1.6 oval
11,PTH,48.0800,1.2250,12.7000,0.0000,dia 0.65,1.0 x 1.6 oval
12,PTH,49.3500,1.2250,13.9700,0.0000,dia 0.65,1.0 x 1.6 oval
13,PTH,50.6200,1.2250,15.2400,0.0000,dia 0.65,1.0 x 1.6 oval
14,PTH,51.8900,1.2250,16.5100,0.0000,dia 0.65,1.0 x 1.6 oval
15,PTH,53.1600,1.2250,17.7800,0.0000,dia 0.65,1.0 x 1.6 oval
16,PTH,54.4300,1.2250,19.0500,0.0000,dia 0.65,1.0 x 1.6 oval
17,PTH,55.7000,1.2250,20.3200,0.0000,dia 0.65,1.0 x 1.6 oval
18,PTH,56.9700,1.2250,21.5900,0.0000,dia 0.65,1.0 x 1.6 oval
19,PTH,58.2400,1.2250,22.8600,0.0000,dia 0.65,1.0 x 1.6 oval
20,PTH,59.5100,1.2250,24.1300,0.0000,dia 0.65,1.0 x 1.6 oval
21,PTH,60.7800,1.2250,25.4000,0.0000,dia 0.65,1.0 x 1.6 oval
22,PTH,62.0500,1.2250,26.6700,0.0000,dia 0.65,1.0 x 1.6 oval
23,PTH,63.3200,1.2250,27.9400,0.0000,dia 0.65,1.0 x 1.6 oval
A,PTH slot,19.3500,2.2500,-16.0300,1.0250,2.3 x 1.0,3.0 x 1.6 oval
K,PTH slot,79.3500,2.2500,43.9700,1.0250,2.3 x 1.0,3.0 x 1.6 oval
PEG1,NPTH,1.8300,2.2500,-33.5500,1.0250,dia 1.6,-
PEG2,NPTH,96.8700,2.2500,61.4900,1.0250,dia 1.6,-
