designator (chain order),group,x_mm,y_mm,x_from_pin1,y_from_pin1,rotation,package
D1,left column,-5.5000,16.8125,-40.8800,15.5875,0,WS2812B-2020 (2.0 x 2.0)
D2,left column,-5.5000,39.2000,-40.8800,37.9750,0,WS2812B-2020 (2.0 x 2.0)
D3,left column,-5.5000,61.5875,-40.8800,60.3625,0,WS2812B-2020 (2.0 x 2.0)
D4,top row,17.1167,70.7000,-18.2633,69.4750,0,WS2812B-2020 (2.0 x 2.0)
D5,top row,33.2333,70.7000,-2.1467,69.4750,0,WS2812B-2020 (2.0 x 2.0)
D6,top row,49.3500,70.7000,13.9700,69.4750,0,WS2812B-2020 (2.0 x 2.0)
D7,top row,65.4667,70.7000,30.0867,69.4750,0,WS2812B-2020 (2.0 x 2.0)
D8,top row,81.5833,70.7000,46.2033,69.4750,0,WS2812B-2020 (2.0 x 2.0)
D9,right column,104.2000,61.5875,68.8200,60.3625,0,WS2812B-2020 (2.0 x 2.0)
D10,right column,104.2000,39.2000,68.8200,37.9750,0,WS2812B-2020 (2.0 x 2.0)
D11,right column,104.2000,16.8125,68.8200,15.5875,0,WS2812B-2020 (2.0 x 2.0)
